Year,Acadia NP,Arches NP,Badlands NP,Big Bend NP,Biscayne NP,Black Canyon of the Gunnison NP,Bryce Canyon NP,Canyonlands NP,Capitol Reef NP,Carlsbad Caverns NP,Channel Islands NP,Congaree NP,Crater Lake NP,Cuyahoga Valley NP,Death Valley NP,Denali NP & PRES,Dry Tortugas NP,Everglades NP,Gates of the Arctic NP & PRES,Glacier Bay NP & PRES,Glacier NP,Grand Canyon NP,Grand Teton NP,Great Basin NP,Great Sand Dunes NP & PRES,Great Smoky Mountains NP,Guadalupe Mountains NP,Haleakala NP,Hawaii Volcanoes NP,Hot Springs NP,Isle Royale NP,Joshua Tree NP,Katmai NP & PRES,Kenai Fjords NP,Kings Canyon NP,Kobuk Valley NP,Lake Clark NP & PRES,Lassen Volcanic NP,Mammoth Cave NP,Mesa Verde NP,Mount Rainier NP,National Park of American Samoa,North Cascades NP,Olympic NP,Petrified Forest NP,Pinnacles NP,Redwood NP,Rocky Mountain NP,Saguaro NP,Sequoia NP,Shenandoah NP,Theodore Roosevelt NP,Virgin Islands NP,Voyageurs NP,Wind Cave NP,Wrangell-St. Elias NP & PRES,Yellowstone NP,Yosemite NP,Zion NP,TotalVisits
1904.0,,,,,,,,,,,,,1500.0,,,,,,,,,,,,,,,,,101000.0,,,,,1000.0,,,,,,563.0,,,,,,,,,,,,,,2900.0,,13727.0,,,120690.0
1905.0,,,,,,,,,,,,,1400.0,,,,,,,,,,,,,,,,,109000.0,,,,,1000.0,,,,,,928.0,,,,,,,,,,,,,,2438.0,,26188.0,,,140954.0
1906.0,,,,,,,,,,,,,1800.0,,,,,,,,,,,,,,,,,,,,,,900.0,,,,,,1786.0,,,,,,,,,700.0,,,,,2787.0,,17182.0,5414.0,,30569.0
1907.0,,,,,,,,,,,,,2600.0,,,,,,,,,,,,,,,,,,,,,,1100.0,,,,,,2068.0,,,,,,,,,900.0,,,,,2751.0,,16414.0,7102.0,,32935.0
1908.0,,,,,,,,,,,,,5275.0,,,,,,,,,,,,,,,,,,,,,,1773.0,,,,,80.0,2826.0,,,,,,,,,1251.0,,,,,3171.0,,19542.0,8850.0,,42768.0
1909.0,,,,,,,,,,,,,4171.0,,,,,,,,,,,,,,,,,,,,,,798.0,,,,,165.0,5968.0,,,,,,,,,854.0,,,,,3216.0,,32545.0,13182.0,,60899.0
1910.0,,,,,,,,,,,,,5000.0,,,,,,,,,,,,,,,,,120000.0,,,,,1178.0,,,,,250.0,8000.0,,,,,,,,,2407.0,,,,,3387.0,,19575.0,13619.0,,173416.0
1911.0,,,,,,,,,,,,,4500.0,,,,,,,,4000.0,,,,,,,,,130000.0,,,,,2160.0,,,,,206.0,10306.0,,,,,,,,,3114.0,,,,,3887.0,,23054.0,12530.0,,193757.0
1912.0,,,,,,,,,,,,,5235.0,,,,,,,,6257.0,,,,,,,,,135000.0,,,,,2240.0,,,,,230.0,8946.0,,,,,,,,,2923.0,,,,,3199.0,,22970.0,10884.0,,197884.0
1913.0,,,,,,,,,,,,,6253.0,,,,,,,,12138.0,,,,,,,,,135000.0,,,,,2756.0,,,,,280.0,13501.0,,,,,,,,,3823.0,,,,,3988.0,,24929.0,13735.0,,216403.0
1914.0,,,,,,,,,,,,,7096.0,,,,,,,,14168.0,,,,,,,,,125000.0,,,,,3735.0,,,,,502.0,15038.0,,,,,,,,,4667.0,,,,,3592.0,,20250.0,15145.0,,209193.0
1915.0,,,,,,,,,,,,,11371.0,,,,,,,,14265.0,,,,,,,,,115000.0,,,,,10523.0,,,,,663.0,35166.0,,,,,,,31000.0,,7647.0,,,,,2817.0,,51895.0,33452.0,,313799.0
1916.0,,,,,,,,,,,,,12265.0,,,,,,,,12839.0,,,,,,,,,118740.0,,,,,15360.0,,,,,1385.0,23989.0,,,,,,,51000.0,,10780.0,,,,,9000.0,,35849.0,33390.0,,324597.0
1917.0,,,,,,,,,,,,,11645.0,,,,,,,,18387.0,,,,,,,,,135000.0,,,,,17390.0,,,8500.0,,2223.0,35568.0,,,,,,,117186.0,,18510.0,,,,,16742.0,,35400.0,34510.0,,451061.0
1918.0,,,,,,,,,,,,,13231.0,,,,,,,,9086.0,,,,,,,,,140000.0,,,,,15496.0,,,2000.0,,2058.0,43901.0,,,,,,,101497.0,,15001.0,,,,,36000.0,,21275.0,33527.0,,433072.0
1919.0,64000.0,,,,,,,,,,,,16645.0,,,,,,,,18956.0,37745.0,,,,,,,,160490.0,,,,,21574.0,,,2500.0,,2287.0,55232.0,,,,3000.0,,,169492.0,,30443.0,,,,,25000.0,,62261.0,58362.0,1814.0,729801.0
1920.0,66500.0,,,,,,,,,,,,20135.0,,,,,,,,22449.0,67315.0,,,,,,,,162850.0,,,,,19661.0,,,2000.0,,2890.0,56491.0,,,,30390.0,,,240966.0,5000.0,31508.0,,,,,38000.0,,79777.0,68906.0,3692.0,918530.0
1921.0,69836.0,,,,,,,,,,,,28617.0,,,,,,,,19736.0,67485.0,,,,,,,16071.0,130968.0,,,,,30312.0,,,10000.0,,3003.0,55771.0,,,,32700.0,,,273737.0,3000.0,28263.0,,,,,28336.0,,81651.0,91513.0,2937.0,973936.0
1922.0,73779.0,,,,,,,,,,,,33016.0,,,7.0,,,,,23935.0,84700.0,,,,,,,27750.0,106164.0,,,,,50456.0,,,10000.0,,4251.0,70371.0,,,,31338.0,,,219164.0,8000.0,27514.0,,,,,31016.0,,98223.0,100506.0,4109.0,1004299.0
1923.0,64200.0,,,,,,,,,,,,52017.0,,,34.0,,,,,33988.0,102166.0,,,,,,,41150.0,112000.0,,,15.0,,46230.0,,,9500.0,,5236.0,123708.0,,,,45475.0,6500.0,,218000.0,6000.0,30158.0,,,,,41505.0,,138352.0,130046.0,6408.0,1212688.0
1924.0,71758.0,,,,,,,,,1280.0,,,64312.0,,,62.0,,,,,33372.0,108256.0,,,,,,,52110.0,164175.0,,,17.0,,35020.0,,,12500.0,,7109.0,161473.0,,,,42781.0,8973.0,,224211.0,10000.0,34468.0,,,,,52166.0,,144158.0,105894.0,8400.0,1342495.0
1925.0,73673.0,,,,,,,,,1794.0,,,65018.0,,,206.0,,,,,40063.0,134053.0,,,,,,,64155.0,265500.0,,,,,40517.0,,,12596.0,,9043.0,173004.0,,,,55227.0,10000.0,,233912.0,30000.0,46677.0,,,,,69267.0,,154282.0,209166.0,16817.0,1704970.0
1926.0,101256.0,,,,,,,,,10904.0,,,86019.0,,,533.0,,,,,37325.0,140252.0,,,,,,,35000.0,260000.0,,,,,50597.0,,,18739.0,,11356.0,161796.0,,,,53345.0,10167.0,,225027.0,53000.0,89404.0,,,,,85466.0,,187807.0,274209.0,21964.0,1914166.0
1927.0,123699.0,,,,,,,,,26436.0,,,82354.0,,,651.0,,,,,41745.0,162356.0,,,,,,,37551.0,181523.0,,,,,47996.0,,,20089.0,,11915.0,200051.0,,,,61761.0,11265.0,,229862.0,60540.0,100684.0,,,,,81023.0,,200825.0,490430.0,24303.0,2197059.0
1928.0,134897.0,,,,,,,,,46335.0,,,113323.0,,,802.0,,,,,53454.0,167226.0,,,,,,,78414.0,199099.0,,,,,51988.0,,,26057.0,,16760.0,219531.0,,,,75225.0,13216.0,,235057.0,66450.0,98035.0,,,,,100309.0,,230984.0,460619.0,30016.0,2417797.0
1929.0,149554.0,500.0,,,,,21997.0,,,76822.0,,,128435.0,,,1038.0,,,,,70742.0,184093.0,51500.0,,,,,,109857.0,184517.0,,,,,44783.0,,,26106.0,,14517.0,217783.0,,,,69350.0,10756.0,,274408.0,87600.0,111385.0,,,,,108943.0,,260697.0,461257.0,33383.0,2700023.0
1930.0,154734.0,400.0,,,,,35982.0,,,90104.0,,,157693.0,,,951.0,,,,,73776.0,172763.0,60000.0,,,,,,89578.0,167062.0,,,,,43547.0,,,31755.0,,16656.0,265620.0,,,,105433.0,11862.0,,255874.0,50000.0,129221.0,,,,,88000.0,,227901.0,458566.0,55297.0,2742775.0
1931.0,162238.0,405.0,,,,,41572.0,,,81275.0,,,170284.0,,,771.0,,,,,63497.0,156964.0,62000.0,,,154000.0,,,124932.0,153394.0,,,,,51995.0,,,56833.0,,18003.0,293562.0,,,,93980.0,12813.0,,265663.0,,143573.0,,,,,85000.0,,221248.0,461855.0,59186.0,2935043.0
1932.0,237596.0,480.0,,,,,34143.0,,,61474.0,,,109738.0,,,357.0,,,,,53202.0,121267.0,40000.0,,500.0,300000.0,,,139663.0,201762.0,,,,,40806.0,,,41723.0,,15760.0,216065.0,,,,84228.0,14238.0,,282980.0,,131398.0,,,,,12539.0,,157624.0,498289.0,51650.0,2847482.0
1933.0,262712.0,425.0,,,,,32878.0,,,53768.0,,,90512.0,,9970.0,386.0,,,,,76715.0,105475.0,42500.0,,550.0,375000.0,,,237690.0,151638.0,,,,,50081.0,,,45577.0,,16185.0,170104.0,,,,224613.0,9957.0,,291934.0,,126464.0,,,,,10460.0,,161938.0,296088.0,48763.0,2892383.0
1934.0,275956.0,275.0,,,,2592.0,51188.0,,,88349.0,,,118699.0,,19678.0,628.0,,,,,116965.0,140220.0,75000.0,1968.0,,420000.0,,,240997.0,205565.0,,,,,66024.0,,,51906.0,,21474.0,242757.0,,,,222666.0,20129.0,,365392.0,2500.0,147533.0,,,,,15205.0,,260775.0,309431.0,68801.0,3552673.0
1935.0,316114.0,300.0,,,,1596.0,63703.0,,,113753.0,,,107701.0,,42061.0,877.0,,,,,143240.0,206018.0,100000.0,2977.0,3000.0,500000.0,,,207208.0,247387.0,,,,,116739.0,,,52294.0,,21835.0,239309.0,,,2200.0,69362.0,17872.0,,367568.0,9900.0,205783.0,,,,,20207.0,,317998.0,372317.0,97280.0,3966599.0
1936.0,340393.0,400.0,,,,4833.0,88848.0,,,148129.0,,,180382.0,,40815.0,1073.0,,,,,210072.0,268412.0,125000.0,2348.0,3150.0,602222.0,,,186049.0,273083.0,,,,,148568.0,,,76971.0,57775.0,25571.0,317345.0,,,24600.0,161194.0,18614.0,,550496.0,15000.0,230714.0,694098.0,,,,16605.0,,432570.0,431192.0,124393.0,5800915.0
1937.0,383036.0,1000.0,,,,9770.0,94331.0,,,201333.0,,,202403.0,,48874.0,1378.0,706.0,,,,194522.0,297876.0,135000.0,2856.0,3497.0,727243.0,,,203165.0,185935.0,,,,,157810.0,,,86757.0,75434.0,28171.0,349289.0,,,23520.0,124365.0,22426.0,,651899.0,20000.0,243661.0,1041204.0,,,,19075.0,,499242.0,481492.0,137404.0,6654674.0
1938.0,394319.0,1448.0,,,,15151.0,101851.0,,1500.0,205765.0,,,190699.0,,58320.0,1487.0,1130.0,,,,153528.0,336557.0,153353.0,3455.0,11050.0,694634.0,,,195986.0,121909.0,,,,,148116.0,,,73005.0,120692.0,30911.0,381876.0,,,75310.0,212547.0,22266.0,,659802.0,20422.0,260139.0,954967.0,,,,19132.0,,466185.0,443325.0,149075.0,6679912.0
1939.0,396468.0,1775.0,205100.0,,,16041.0,101500.0,,1500.0,212348.0,,,225101.0,,61301.0,2262.0,1500.0,,,,170073.0,395940.0,87133.0,3958.0,11700.0,761567.0,,,226741.0,178755.0,,,,,161080.0,,,100880.0,116516.0,32246.0,361787.0,,,42125.0,189421.0,24717.0,,609029.0,18000.0,275329.0,911612.0,,,,16202.0,,486936.0,466552.0,158063.0,7031258.0
1940.0,382084.0,2512.0,181993.0,,,19307.0,103362.0,,2000.0,236653.0,,,252482.0,,80842.0,1201.0,1141.0,,,,177307.0,371613.0,103324.0,4943.0,8419.0,860960.0,,,287810.0,182583.0,2962.0,,,,201545.0,,,104619.0,117751.0,36448.0,456637.0,,,91863.0,199420.0,25068.0,,627847.0,16892.0,282198.0,950807.0,,,,18028.0,,526437.0,506781.0,165029.0,7590868.0
1941.0,409961.0,3737.0,252248.0,,,18800.0,124563.0,,1975.0,285418.0,,,274002.0,,100829.0,1688.0,757.0,,,,178449.0,436566.0,125489.0,4864.0,11684.0,1310101.0,,,271824.0,208107.0,7257.0,31285.0,,,173587.0,,,109272.0,165996.0,42406.0,476776.0,,,92667.0,245640.0,27131.0,,681845.0,15506.0,302530.0,1071199.0,0.0,,,21095.0,,579696.0,597863.0,192805.0,8855618.0
1942.0,36544.0,1205.0,86256.0,,,6264.0,30019.0,,0.0,124809.0,,,88568.0,,44755.0,5.0,0.0,,,,62196.0,132584.0,33808.0,1673.0,3419.0,728706.0,,,337926.0,166661.0,6128.0,23691.0,,,97745.0,,,48144.0,87157.0,13045.0,343575.0,,,72349.0,73029.0,10311.0,,383670.0,7855.0,154880.0,138098.0,0.0,,,10650.0,,185746.0,319816.0,68797.0,3930084.0
1943.0,8246.0,776.0,10149.0,,,2087.0,7690.0,,0.0,89128.0,,,28850.0,,14374.0,12.0,0.0,,,,23908.0,71650.0,8203.0,1028.0,3007.0,383116.0,,,394140.0,195842.0,5376.0,17414.0,,,60651.0,,,18971.0,44611.0,4621.0,124474.0,,,56681.0,34791.0,4570.0,,124353.0,4988.0,62780.0,41831.0,0.0,,,2989.0,,61696.0,116682.0,44089.0,2073774.0
1944.0,12916.0,642.0,10349.0,1409.0,,2351.0,10311.0,,0.0,122467.0,,,44389.0,,13661.0,0.0,0.0,,,,35857.0,64568.0,19978.0,872.0,3466.0,534586.0,,,402475.0,254834.0,3751.0,7640.0,,,35203.0,,,19060.0,49389.0,5561.0,135277.0,,,56076.0,40729.0,3845.0,,211953.0,5129.0,54600.0,137831.0,0.0,,,3784.0,,86593.0,120494.0,42243.0,2554289.0
1945.0,20200.0,682.0,31377.0,3205.0,,4968.0,33463.0,,0.0,193237.0,,,79535.0,,31112.0,19.0,2154.0,,,,67942.0,169960.0,41349.0,1318.0,6403.0,750690.0,,,368629.0,278626.0,6139.0,18275.0,,,82442.0,,,45225.0,70513.0,12994.0,304227.0,,,106740.0,100694.0,7494.0,,356793.0,6395.0,137875.0,542718.0,0.0,,,10298.0,,189264.0,290569.0,78280.0,4451804.0
1946.0,382390.0,2301.0,230403.0,10037.0,,17573.0,125828.0,,0.0,380465.0,,,208640.0,,100976.0,1134.0,8787.0,,,,200547.0,486834.0,136441.0,3546.0,8777.0,1157930.0,,,405755.0,288275.0,7068.0,36605.0,,,221990.0,,,99067.0,162877.0,39843.0,470903.0,,,123698.0,286507.0,16298.0,,804588.0,16811.0,315365.0,709789.0,0.0,,,84800.0,,807917.0,640483.0,212280.0,9213528.0
1947.0,434069.0,5028.0,339843.0,28652.0,,22510.0,163172.0,,0.0,405266.0,,,378000.0,,161953.0,3466.0,6685.0,,,,327300.0,622363.0,142975.0,4751.0,16016.0,1204017.0,,,382482.0,300820.0,7867.0,57801.0,,,236687.0,,,149848.0,185111.0,52975.0,519698.0,,,180617.0,341599.0,18328.0,,923065.0,16610.0,373892.0,858630.0,0.0,,,102227.0,,937776.0,777622.0,273953.0,10963674.0
1948.0,420846.0,8870.0,384133.0,45670.0,,26679.0,175975.0,,,435481.0,,,313580.0,,162150.0,4512.0,5968.0,7482.0,,,284549.0,618033.0,153054.0,6103.0,16478.0,1469749.0,,,387753.0,304021.0,7922.0,59157.0,,,279231.0,,,160707.0,180621.0,59362.0,570053.0,,,191578.0,343160.0,20331.0,,1023262.0,20468.0,403968.0,932068.0,26773.0,,,108331.0,,1018279.0,745899.0,297571.0,11679827.0
1949.0,438584.0,13270.0,373076.0,62150.0,,29739.0,192552.0,,,431187.0,,,330829.0,,208557.0,4831.0,7355.0,94927.0,,,964416.0,600690.0,166506.0,8464.0,23082.0,1539641.0,,,350504.0,314949.0,9518.0,66991.0,,,294021.0,,,172496.0,211792.0,78024.0,584004.0,,,414787.0,341961.0,24557.0,,1148216.0,23665.0,367627.0,1157946.0,82810.0,,,118268.0,,1131159.0,808372.0,307881.0,13499404.0
1950.0,485220.0,16257.0,447654.0,70325.0,,26487.0,212976.0,,3066.0,467283.0,,,310796.0,,189045.0,6672.0,7025.0,123405.0,,,482298.0,665039.0,189286.0,8350.0,19004.0,1843620.0,,,362245.0,294955.0,3100.0,79129.0,,,337840.0,,,183815.0,254187.0,88184.0,573685.0,,,404125.0,352889.0,24814.0,,1275160.0,36220.0,379218.0,1279387.0,71447.0,,,79344.0,,1110524.0,820953.0,323402.0,13908431.0
1951.0,518556.0,18603.0,607965.0,84051.0,,31448.0,224801.0,,13192.0,493618.0,,,289286.0,,219520.0,7807.0,5405.0,142971.0,,,496142.0,682152.0,637785.0,8038.0,16759.0,1945100.0,,,498023.0,307426.0,2370.0,93615.0,,,450031.0,,,203609.0,364213.0,99309.0,873877.0,,,414916.0,335608.0,27090.0,,1167093.0,40637.0,452538.0,1412499.0,81590.0,,,130337.0,,1163894.0,858405.0,331079.0,15751358.0
1952.0,549075.0,28683.0,580902.0,94367.0,,38449.0,225113.0,,6411.0,531751.0,,,312677.0,,296106.0,7310.0,4376.0,168621.0,,,649689.0,737159.0,785343.0,11721.0,22376.0,2322152.0,,,694632.0,326016.0,2830.0,141416.0,,,448156.0,,,212550.0,438030.0,105700.0,877388.0,,,449117.0,374333.0,28236.0,,1364503.0,60466.0,472062.0,1494647.0,131773.0,,,352577.0,,1350295.0,973971.0,352921.0,18023900.0
1953.0,556195.0,30853.0,658691.0,86635.0,,51763.0,242820.0,,9991.0,510318.0,,,332835.0,,338899.0,6839.0,6708.0,206773.0,,,633480.0,836878.0,942966.0,16693.0,26137.0,2250772.0,,,416942.0,338828.0,3611.0,172423.0,,,435548.0,,,225328.0,499416.0,136123.0,768015.0,,,625703.0,403565.0,42199.0,,1420152.0,65165.0,501259.0,1673346.0,120804.0,,,305875.0,,1326858.0,969225.0,389445.0,18586076.0
1954.0,553800.0,31300.0,665000.0,67300.0,,51400.0,238200.0,,12900.0,444300.0,,,370600.0,,337900.0,5000.0,6200.0,218000.0,,,608200.0,814700.0,1003500.0,18400.0,26400.0,2526900.0,,,444600.0,363100.0,4300.0,260700.0,,,551500.0,,,282400.0,439800.0,150300.0,795000.0,,,663100.0,419800.0,38300.0,,1425600.0,77600.0,484700.0,1659600.0,133600.0,,,276700.0,,1328900.0,1008000.0,416800.0,19224400.0
1955.0,655000.0,31800.0,630900.0,81000.0,,57200.0,254200.0,,7500.0,466200.0,,,343800.0,,342200.0,3400.0,4300.0,247100.0,,,674100.0,892400.0,1104700.0,18400.0,26800.0,2581500.0,,,416700.0,372600.0,5200.0,280600.0,,,556100.0,,,304400.0,447800.0,161300.0,839200.0,,,744900.0,441700.0,36500.0,,1454000.0,86600.0,518000.0,1543400.0,125100.0,,,267900.0,,1368500.0,984200.0,406800.0,19784000.0
1956.0,735500.0,28500.0,663200.0,89700.0,,62000.0,257600.0,,62500.0,455000.0,,,359800.0,,300100.0,5200.0,5000.0,267000.0,,2200.0,718900.0,1033700.0,1197200.0,20300.0,31200.0,2885800.0,,,521400.0,382100.0,5200.0,312900.0,500.0,,669800.0,,,303800.0,466100.0,186800.0,850700.0,,,864600.0,603000.0,40300.0,,1587400.0,101200.0,538100.0,1623500.0,154700.0,,,279200.0,,1457800.0,1114200.0,421200.0,21664900.0
1957.0,858900.0,25400.0,701100.0,75000.0,,48900.0,263000.0,,56900.0,451100.0,,,330500.0,,333400.0,10700.0,3600.0,344700.0,,3600.0,759200.0,1102400.0,1306300.0,20800.0,36200.0,2943700.0,,,517300.0,363500.0,5200.0,320300.0,600.0,,638500.0,,,327300.0,450200.0,193900.0,935800.0,,,864800.0,665700.0,53200.0,,1508200.0,134300.0,535800.0,1655500.0,129100.0,11900.0,,284900.0,,1595900.0,1138700.0,525100.0,22531100.0
1958.0,816500.0,40100.0,810800.0,72600.0,,93000.0,248500.0,,65000.0,435200.0,,,333900.0,,334300.0,25900.0,4200.0,443300.0,,5100.0,706800.0,1064000.0,1428500.0,20300.0,40900.0,3168900.0,,,461300.0,384800.0,4000.0,365300.0,700.0,,683900.0,,,346700.0,480100.0,201300.0,1115800.0,,,1181500.0,713100.0,54900.0,,1478200.0,122700.0,512200.0,1655300.0,163500.0,13900.0,,279400.0,,1442400.0,1139300.0,590700.0,23548800.0
1959.0,755900.0,59800.0,825200.0,70400.0,,100800.0,278300.0,,89600.0,483900.0,,,341000.0,,335700.0,25800.0,4400.0,500200.0,,1300.0,722300.0,1169400.0,1529600.0,22200.0,49300.0,3162300.0,,,786000.0,404700.0,5800.0,299600.0,1100.0,,718500.0,,,379900.0,490300.0,217400.0,1105100.0,,,1077400.0,878400.0,71400.0,,1459600.0,133900.0,547300.0,1786700.0,182300.0,19800.0,,265600.0,,1408700.0,1061500.0,585000.0,24413400.0
1960.0,1638200.0,71600.0,878600.0,75900.0,,122500.0,272000.0,,102500.0,537000.0,,,397700.0,,355900.0,22500.0,8900.0,579200.0,,900.0,724500.0,1187700.0,1429900.0,20700.0,52700.0,4528600.0,,62100.0,709100.0,719100.0,6400.0,320100.0,600.0,,759800.0,,,401800.0,519100.0,225700.0,1538700.0,,,1160400.0,911500.0,72000.0,,1532500.0,141000.0,610800.0,1780100.0,223200.0,27200.0,,864600.0,,1443300.0,1150400.0,575800.0,28762800.0
1961.0,1574600.0,90700.0,833300.0,90600.0,,115000.0,264800.0,,136800.0,590000.0,,,415600.0,,397900.0,18300.0,14400.0,566800.0,,1300.0,740000.0,1253000.0,1492400.0,24300.0,61100.0,4762100.0,,65800.0,769600.0,891300.0,6500.0,301500.0,600.0,,748600.0,,,460000.0,519300.0,227700.0,1592800.0,,,1519500.0,671000.0,76900.0,,1538000.0,145100.0,610200.0,1929300.0,235600.0,30600.0,,700200.0,,1524100.0,1227100.0,604700.0,29839000.0
1962.0,1601500.0,105700.0,1044800.0,91000.0,,131800.0,251000.0,,163500.0,556000.0,,,592400.0,,363400.0,16600.0,7700.0,626100.0,,1100.0,966100.0,1447400.0,1799400.0,27300.0,92800.0,5209800.0,,71200.0,421600.0,1874000.0,5400.0,331500.0,300.0,,826100.0,,,399000.0,569300.0,262200.0,1905300.0,,,2044400.0,705000.0,81500.0,,1773800.0,146300.0,687400.0,2049400.0,245700.0,55400.0,,818600.0,,1925200.0,1505500.0,622100.0,34421600.0
1963.0,1864800.0,118200.0,1074000.0,114200.0,,146600.0,289500.0,,93200.0,586600.0,1200.0,,475700.0,,408100.0,18400.0,26200.0,669200.0,,800.0,810200.0,1539500.0,2158800.0,32500.0,105700.0,5258700.0,,72100.0,494700.0,1870600.0,7800.0,346300.0,700.0,,778600.0,,,369300.0,636100.0,325300.0,1544300.0,,,1576200.0,786000.0,97000.0,,1855400.0,177000.0,631700.0,2237800.0,237500.0,86200.0,,931100.0,,1872500.0,1473400.0,681100.0,34880800.0
1964.0,2011600.0,99700.0,1079800.0,119700.0,,168200.0,300300.0,,92500.0,588000.0,1500.0,,494100.0,,403600.0,19200.0,43200.0,792600.0,,1000.0,642200.0,1576600.0,2456800.0,34800.0,120500.0,5321100.0,,87600.0,517900.0,1787300.0,8200.0,343400.0,500.0,,831600.0,,,407700.0,793400.0,344400.0,1439900.0,,,1343600.0,884000.0,103200.0,,1885900.0,215900.0,654100.0,2276200.0,261500.0,71600.0,,894300.0,,1929300.0,1547000.0,705200.0,35700700.0
1965.0,1733600.0,143900.0,1091300.0,174600.0,,184000.0,366800.0,19400.0,108500.0,591000.0,1600.0,,480500.0,,453000.0,21400.0,32200.0,977600.0,,1800.0,847100.0,1689200.0,2507000.0,35600.0,142100.0,5954900.0,,90100.0,573900.0,1809400.0,9500.0,336000.0,800.0,,848900.0,,,400300.0,872200.0,378300.0,1643100.0,,,2058000.0,867800.0,118000.0,,1619800.0,229700.0,877300.0,2289400.0,233600.0,57400.0,,885600.0,,2062500.0,1635400.0,763600.0,38217700.0
1966.0,2158400.0,128000.0,1094800.0,163500.0,,181000.0,396600.0,20200.0,94000.0,604800.0,300.0,,552500.0,,437800.0,31300.0,35300.0,1017100.0,,4900.0,907800.0,1806000.0,2673100.0,43300.0,157500.0,6466100.0,,95500.0,607600.0,1763700.0,10800.0,408600.0,900.0,,923400.0,,,462500.0,1143800.0,423400.0,1722300.0,,,1752000.0,849800.0,117900.0,,1865600.0,228400.0,797800.0,2349100.0,500300.0,66000.0,,928500.0,,2130300.0,1817100.0,815200.0,40754800.0
1967.0,2102000.0,120300.0,1188700.0,173300.0,,185100.0,295000.0,23200.0,146600.0,630800.0,15700.0,,499400.0,,476700.0,39800.0,22100.0,1098300.0,,8300.0,884000.0,1804900.0,2643700.0,53800.0,178000.0,6710100.0,,102700.0,786200.0,1981300.0,9500.0,416500.0,1200.0,,909900.0,,,358300.0,1282800.0,435000.0,1805900.0,,,1905300.0,797200.0,160600.0,,1915200.0,267800.0,746900.0,2133100.0,555800.0,102700.0,,882100.0,,2210000.0,2238300.0,788400.0,42092500.0
1968.0,2303300.0,135600.0,1194600.0,191800.0,,215900.0,320800.0,26300.0,171000.0,668400.0,31000.0,,578300.0,,469600.0,33300.0,9000.0,1251500.0,,13500.0,964500.0,1986300.0,2970300.0,42400.0,178600.0,6667100.0,,132700.0,918000.0,1913900.0,10100.0,489400.0,1600.0,,1064000.0,,,442800.0,1540200.0,449800.0,1682700.0,,,2013800.0,869400.0,147000.0,,2187600.0,307100.0,874300.0,2273200.0,562400.0,123800.0,,962200.0,,2229700.0,2281100.0,877100.0,44777000.0
1969.0,2489800.0,162600.0,1221300.0,199800.0,,302600.0,366900.0,26000.0,210600.0,672900.0,33100.0,,544900.0,,458800.0,45400.0,6900.0,1187200.0,,16000.0,1051200.0,2192600.0,3134400.0,34700.0,174100.0,6331100.0,,146800.0,719900.0,1852300.0,10400.0,550300.0,7800.0,,946000.0,,,435700.0,1299700.0,513800.0,1659500.0,,,2135900.0,1004900.0,147000.0,,2217200.0,409000.0,919300.0,2400900.0,658700.0,117000.0,,896600.0,,2193700.0,2291300.0,904300.0,45300900.0
1970.0,2776300.0,178500.0,1303100.0,172600.0,,249000.0,345900.0,33400.0,225900.0,712700.0,32000.0,,535000.0,,580500.0,46000.0,12900.0,1273500.0,,29700.0,1241600.0,2258200.0,3352500.0,41200.0,205800.0,6778500.0,,197400.0,822300.0,2092400.0,14400.0,643000.0,11800.0,,1019000.0,,,466600.0,1726500.0,527200.0,1925100.0,,295000.0,2283100.0,1151400.0,166200.0,,2357900.0,351800.0,875700.0,2411500.0,680000.0,126600.0,,997100.0,,2297300.0,2277200.0,903600.0,49004900.0
1971.0,2101100.0,202100.0,1282000.0,205000.0,,223600.0,377800.0,55400.0,225500.0,791600.0,24400.0,,535000.0,,290900.0,44500.0,4000.0,1100500.0,,17900.0,1302200.0,2402100.0,2556400.0,43500.0,211300.0,7173000.0,27100.0,222800.0,956700.0,1824400.0,15900.0,576000.0,9600.0,,887000.0,,,447400.0,1571900.0,518500.0,1319400.0,,210800.0,1621400.0,1072000.0,169200.0,34500.0,2449900.0,323300.0,878500.0,2140600.0,707200.0,133700.0,,550100.0,,2120500.0,2342200.0,897000.0,45197400.0
1972.0,2285881.0,225128.0,1274600.0,240904.0,78147.0,273322.0,424830.0,60639.0,251163.0,856086.0,31947.0,,566655.0,,293999.0,88625.0,5066.0,1534328.0,,18300.0,1391299.0,2698300.0,2490266.0,46949.0,217200.0,8034753.0,39068.0,271326.0,1365104.0,1974038.0,16116.0,602752.0,11900.0,,1051755.0,,,504641.0,1699782.0,546286.0,1275589.0,,546266.0,2464637.0,1223473.0,168896.0,104304.0,2513420.0,319084.0,867051.0,2038224.0,998849.0,148626.0,,505000.0,,2236888.0,2190301.0,889417.0,49961176.0
1973.0,2394000.0,274900.0,1387900.0,283300.0,243100.0,234800.0,429700.0,62500.0,288800.0,840100.0,44700.0,,505300.0,,315400.0,137300.0,6100.0,1044000.0,,25400.0,1397800.0,1909700.0,2228600.0,38500.0,192300.0,7586300.0,45100.0,360600.0,1236500.0,1768300.0,15700.0,589600.0,8400.0,,899300.0,,,496200.0,1754500.0,482900.0,1065400.0,,865600.0,2384800.0,1065100.0,155500.0,210500.0,2507600.0,390800.0,845500.0,2308400.0,849700.0,150100.0,,479900.0,,2061700.0,2254300.0,993800.0,48116300.0
1974.0,2335800.0,166900.0,1205300.0,158700.0,409700.0,267100.0,408800.0,59000.0,214100.0,672400.0,31000.0,,496100.0,,368800.0,161400.0,5100.0,781200.0,,50500.0,1405500.0,1888600.0,2392900.0,32100.0,194700.0,7807800.0,37500.0,433500.0,1164900.0,1631400.0,13900.0,509900.0,11900.0,,1216800.0,,,408700.0,1566900.0,445400.0,1138100.0,,882000.0,2094100.0,781000.0,138500.0,297400.0,2489300.0,363800.0,686600.0,1949400.0,698600.0,154800.0,,428700.0,,1928900.0,2274600.0,859300.0,46119400.0
1975.0,2380500.0,236100.0,1153200.0,275500.0,351500.0,348900.0,579200.0,71700.0,263400.0,790000.0,74400.0,,356500.0,,545500.0,160600.0,9700.0,782400.0,,50600.0,1570000.0,2625100.0,2173500.0,37900.0,271200.0,8541500.0,50300.0,524900.0,1353900.0,1351000.0,16800.0,552200.0,9700.0,,1031500.0,,,444500.0,1680700.0,614500.0,1176500.0,,866200.0,2289200.0,979400.0,162200.0,368200.0,2842200.0,395100.0,957000.0,2420600.0,800900.0,156900.0,,324500.0,,2239500.0,2537400.0,1055200.0,50849900.0
1976.0,2353300.0,294800.0,1210100.0,378600.0,339100.0,373600.0,625600.0,80000.0,425100.0,876500.0,92600.0,,532700.0,,582400.0,157600.0,8900.0,955700.0,,56700.0,1661200.0,2791600.0,2834700.0,41800.0,248000.0,8991500.0,81400.0,650300.0,1430500.0,1117900.0,17000.0,728900.0,10400.0,,1127900.0,,,461400.0,1748900.0,675100.0,1414500.0,,765600.0,2327400.0,1066200.0,156900.0,421700.0,2727900.0,401000.0,1040600.0,2448600.0,937600.0,182600.0,121200.0,458100.0,,2519200.0,2682400.0,1090000.0,54723300.0
1977.0,2734600.0,313400.0,1305400.0,334000.0,205900.0,310500.0,611500.0,75500.0,428800.0,862800.0,87200.0,,558300.0,,620400.0,183200.0,11600.0,948000.0,,88400.0,1654500.0,2627200.0,3258000.0,40300.0,227900.0,9173600.0,92200.0,626500.0,1446200.0,1127000.0,16700.0,745600.0,10000.0,,1041000.0,,,381200.0,1806300.0,663700.0,1819600.0,,682300.0,2293900.0,857300.0,160500.0,477900.0,2882100.0,422500.0,978200.0,2789100.0,828400.0,289100.0,140300.0,532700.0,,2481900.0,2392600.0,1105900.0,55751700.0
1978.0,2684933.0,326948.0,1234915.0,301198.0,177416.0,271879.0,679260.0,85932.0,392428.0,867277.0,46416.0,,553374.0,496400.0,673610.0,223000.0,10361.0,923714.0,,81500.0,1582632.0,2748642.0,3160026.0,40266.0,277640.0,8695534.0,108755.0,712751.0,1728256.0,1229206.0,16415.0,602453.0,11300.0,,864733.0,,,442192.0,1640488.0,653052.0,1606968.0,,917581.0,2534680.0,951402.0,155822.0,448012.0,3024868.0,549112.0,973056.0,2002205.0,825985.0,481662.0,255426.0,539053.0,,2618380.0,2569268.0,1193212.0,56191596.0
1979.0,2787366.0,269840.0,858000.0,282941.0,202938.0,234286.0,558095.0,74545.0,288860.0,721647.0,82937.0,,410749.0,543025.0,631152.0,251105.0,9076.0,718102.0,,91032.0,1446086.0,2131716.0,2446171.0,29947.0,162546.0,8019788.0,110478.0,673955.0,1632589.0,1118800.0,14782.0,590543.0,10659.0,,804175.0,,,380014.0,1384910.0,473715.0,1516703.0,,742997.0,2078843.0,671583.0,153717.0,413917.0,2568530.0,566486.0,799576.0,1521451.0,591646.0,549732.0,195277.0,457443.0,,1892908.0,2350782.0,1040528.0,48558688.0
1980.0,2779666.0,290519.0,952652.0,174008.0,248071.0,336119.0,571541.0,56505.0,342788.0,672963.0,104574.0,,455143.0,563300.0,618140.0,216361.0,8644.0,744244.0,,95005.0,1474578.0,2304973.0,2555627.0,33383.0,142427.0,8440953.0,113825.0,560238.0,1692338.0,1160588.0,14977.0,545357.0,11824.0,,819065.0,,,394425.0,1495787.0,539257.0,1268256.0,,796079.0,2032418.0,683121.0,163626.0,471710.0,2641937.0,611317.0,862397.0,1699228.0,595734.0,547918.0,266935.0,473061.0,,2000269.0,2490282.0,1123846.0,50258000.0
1981.0,2997972.0,326508.0,1175952.0,167332.0,305502.0,266604.0,474092.0,89915.0,397789.0,771766.0,87514.0,,503404.0,596300.0,630402.0,256593.0,10150.0,564721.0,,85071.0,1786523.0,2472270.0,2643644.0,33367.0,172505.0,8312884.0,142641.0,631684.0,1931852.0,1177911.0,14558.0,612966.0,13115.0,,776850.0,,,415045.0,1404317.0,588608.0,1233671.0,,829026.0,2306032.0,747832.0,155205.0,549461.0,2911242.0,470598.0,1083002.0,1819546.0,702873.0,566528.0,257490.0,503424.0,,2521831.0,2516893.0,1288808.0,53301788.0
1982.0,3572114.0,339415.0,1030484.0,180144.0,348219.0,227428.0,471517.0,97079.0,289486.0,781963.0,172287.0,,435589.0,717815.0,679992.0,321868.0,10700.0,550168.0,1381.0,90354.0,1666114.0,2293127.0,2534029.0,32264.0,175273.0,8177869.0,140620.0,771762.0,1995397.0,1015580.0,13238.0,673201.0,14377.0,16118.0,831044.0,3775.0,10440.0,414859.0,1526676.0,602968.0,1007300.0,,857016.0,2478739.0,710619.0,171026.0,467126.0,2564116.0,566807.0,1020500.0,1751972.0,677014.0,673480.0,143724.0,467392.0,14871.0,2368897.0,2415587.0,1246290.0,52829208.0
1983.0,4124639.0,287875.0,1026981.0,164926.0,369082.0,291618.0,472633.0,100022.0,331734.0,712247.0,205024.0,,379008.0,939562.0,635582.0,346082.0,11004.0,577439.0,2138.0,92057.0,2203847.0,2248082.0,1532035.0,30335.0,150177.0,8435475.0,142736.0,864289.0,2247974.0,1160008.0,12928.0,671426.0,11182.0,24048.0,765755.0,2365.0,12332.0,429867.0,1498503.0,604115.0,1106306.0,,858041.0,2410722.0,708512.0,170631.0,473711.0,2599006.0,634688.0,854233.0,1768378.0,415118.0,676800.0,146454.0,503739.0,18760.0,2347242.0,2457464.0,1273030.0,53539968.0
1984.0,3734763.0,345180.0,1113675.0,167665.0,340567.0,253048.0,495104.0,102533.0,296230.0,712989.0,203411.0,,419829.0,1018828.0,621197.0,395099.0,11900.0,628658.0,2440.0,108297.0,1946703.0,2173584.0,1360898.0,37676.0,141833.0,8508390.0,151862.0,1003821.0,2008608.0,1071853.0,11814.0,663798.0,20074.0,30703.0,937262.0,1075.0,12505.0,463275.0,1501450.0,516865.0,1152411.0,,637836.0,2759011.0,714761.0,166258.0,467155.0,2231448.0,699292.0,979632.0,1869307.0,361139.0,666435.0,154723.0,536022.0,22183.0,2222027.0,2738467.0,1377254.0,53290824.0
1985.0,3745570.0,363464.0,950242.0,188045.0,460921.0,266012.0,500782.0,116672.0,320503.0,732482.0,164132.0,12332.0,390604.0,1004858.0,576679.0,436545.0,13213.0,697646.0,1381.0,130943.0,1603011.0,2711529.0,1334483.0,36343.0,182713.0,9319290.0,147758.0,1194651.0,816652.0,1112764.0,16775.0,641172.0,25142.0,35758.0,874456.0,1305.0,12701.0,451497.0,1507939.0,656271.0,1165640.0,,629234.0,2532145.0,736659.0,191578.0,505791.0,2248854.0,636711.0,939468.0,1933085.0,377152.0,699398.0,183984.0,477585.0,23171.0,2226159.0,2831952.0,1503272.0,53597072.0
1986.0,3929054.0,419444.0,1025630.0,200622.0,578013.0,289117.0,578018.0,172987.0,383742.0,752552.0,172913.0,16508.0,402789.0,1042148.0,586668.0,529749.0,15379.0,739072.0,2801.0,136877.0,1579151.0,3035787.0,1306322.0,40359.0,221449.0,9836306.0,163313.0,1281219.0,898023.0,1175170.0,26122.0,783224.0,41663.0,54296.0,1028785.0,1085.0,13611.0,439723.0,1646673.0,658888.0,1298457.0,,683056.0,2940034.0,761257.0,198236.0,567849.0,2408234.0,613651.0,1056527.0,1843985.0,390553.0,766458.0,172137.0,483334.0,26557.0,2363756.0,2876717.0,1670503.0,57326552.0
1987.0,4288154.0,468916.0,1174398.0,227921.0,607968.0,285439.0,718342.0,172384.0,428808.0,781300.0,174607.0,20312.0,460550.0,1113405.0,665345.0,575013.0,16315.0,787493.0,1060.0,130926.0,1660737.0,3513030.0,1450791.0,63532.0,225937.0,10209841.0,156344.0,1333900.0,1006058.0,1101242.0,31760.0,830085.0,38212.0,60428.0,1081172.0,230.0,16418.0,472431.0,1636340.0,728566.0,1292027.0,,651606.0,2822850.0,758082.0,204705.0,610897.0,2531864.0,689933.0,1139389.0,1767727.0,424846.0,785354.0,201727.0,563720.0,29191.0,2573194.0,3152275.0,1777619.0,60692720.0
1988.0,4502283.0,520455.0,1110040.0,239595.0,531036.0,269073.0,791348.0,212100.0,469556.0,786135.0,168592.0,26257.0,443430.0,1229717.0,692267.0,592431.0,16937.0,1026188.0,1258.0,148756.0,1817733.0,3859886.0,1232691.0,73559.0,274286.0,8770781.0,178910.0,1314683.0,983007.0,1185772.0,26593.0,955246.0,45710.0,59017.0,1007695.0,2275.0,18863.0,495628.0,1735610.0,772183.0,1255618.0,,605967.0,2959122.0,857031.0,212094.0,677135.0,2544211.0,675397.0,1031129.0,1937155.0,413527.0,838684.0,223735.0,578016.0,31046.0,2182113.0,3216681.0,1948332.0,60774572.0
1989.0,5440952.0,555809.0,1237956.0,281728.0,589957.0,288586.0,808045.0,257411.0,515278.0,792378.0,152662.0,25445.0,430734.0,1159648.0,664449.0,543640.0,19441.0,913372.0,822.0,150270.0,1821523.0,3966209.0,1331659.0,70259.0,266321.0,8333553.0,168872.0,1367761.0,1056188.0,1272771.0,27133.0,990214.0,40247.0,75557.0,1037349.0,1970.0,14879.0,466115.0,1672840.0,600045.0,1354302.0,,391433.0,2737611.0,824141.0,218601.0,654115.0,2502915.0,706191.0,1056020.0,1873817.0,459171.0,664032.0,209626.0,561758.0,33221.0,2644442.0,3308159.0,1998856.0,61608456.0
1990.0,2339591.0,620719.0,1326475.0,257378.0,573376.0,275323.0,862659.0,276831.0,562477.0,747016.0,144083.0,23223.0,384941.0,1200622.0,690965.0,546693.0,19402.0,957925.0,1010.0,186427.0,1986737.0,3776685.0,1588253.0,65026.0,272136.0,8151769.0,192890.0,1260601.0,1096816.0,1123175.0,23495.0,1022396.0,40778.0,66115.0,1062867.0,2586.0,10196.0,460917.0,1924538.0,611375.0,1327101.0,,456444.0,2794903.0,844592.0,214268.0,348458.0,2647323.0,702328.0,1063538.0,1771780.0,460718.0,664735.0,223554.0,586464.0,35976.0,2823572.0,3124939.0,2102400.0,58929580.0
1991.0,2475857.0,705882.0,1518396.0,296470.0,488134.0,316336.0,929067.0,339315.0,618056.0,679450.0,149263.0,30975.0,456931.0,1358984.0,743608.0,558870.0,18231.0,1292014.0,1154.0,203653.0,2096966.0,3886031.0,1625752.0,63864.0,295070.0,8654459.0,200398.0,1228332.0,1238653.0,1203929.0,22004.0,1145458.0,41417.0,107041.0,1071022.0,2795.0,4133.0,463179.0,2158195.0,678075.0,1549412.0,,22796.0,2759673.0,874521.0,192610.0,366280.0,2751781.0,679034.0,1120278.0,1939486.0,468926.0,710180.0,221857.0,597057.0,38971.0,2920537.0,3423101.0,2236997.0,62240912.0
1992.0,2382113.0,799831.0,1205297.0,294535.0,307512.0,337209.0,1018174.0,395698.0,675837.0,688742.0,169181.0,40018.0,461668.0,1430382.0,869183.0,503674.0,21581.0,1025686.0,2116.0,211424.0,2199767.0,4203545.0,1744636.0,69144.0,290654.0,8931690.0,175120.0,1183124.0,1151661.0,1504013.0,22728.0,1220539.0,46196.0,108130.0,637446.0,2829.0,9233.0,468011.0,2392858.0,742080.0,1522057.0,,20295.0,3030195.0,930031.0,191683.0,387781.0,2788868.0,810059.0,961095.0,1822193.0,475937.0,772470.0,227498.0,660296.0,42229.0,3144405.0,3819518.0,2390626.0,63940496.0
1993.0,2656034.0,773678.0,1179458.0,327907.0,19950.0,319322.0,1107951.0,434844.0,610707.0,687161.0,184867.0,54669.0,381747.0,2266139.0,998474.0,505565.0,24020.0,973706.0,2245.0,242276.0,2141704.0,4575602.0,2568689.0,91915.0,294282.0,9283848.0,201054.0,1317433.0,1143741.0,1477299.0,21983.0,1252401.0,53421.0,189712.0,636515.0,2816.0,12153.0,434264.0,2396234.0,666054.0,1365213.0,,21378.0,2679598.0,936429.0,194757.0,421027.0,2780342.0,828267.0,1066552.0,1951366.0,475160.0,807093.0,228143.0,537075.0,45335.0,2912193.0,3839645.0,2392580.0,65993992.0
1994.0,2710749.0,777178.0,1130459.0,330417.0,25147.0,214194.0,1028134.0,429921.0,605324.0,617087.0,175226.0,67756.0,454215.0,3266401.0,971487.0,490311.0,16736.0,886455.0,1726.0,250614.0,2152989.0,4364316.0,2540699.0,88024.0,312225.0,8628174.0,203520.0,1527329.0,1174289.0,1618847.0,24843.0,1184871.0,55728.0,209516.0,725930.0,2781.0,12143.0,385489.0,2009935.0,685031.0,1426244.0,,19323.0,3381573.0,922927.0,172642.0,475033.0,2968450.0,768685.0,1034133.0,1926883.0,505349.0,635291.0,224181.0,871061.0,50146.0,3046145.0,3962117.0,2270871.0,67017268.0
1995.0,2845378.0,859374.0,1075569.0,295460.0,584519.0,221113.0,994548.0,448769.0,648864.0,588609.0,525882.0,67949.0,496041.0,3195207.0,1109421.0,543309.0,32870.0,820466.0,7074.0,252265.0,1839518.0,4557645.0,2731015.0,87829.0,323663.0,9080420.0,208972.0,1594596.0,1175028.0,1617077.0,23470.0,1235702.0,0.0,230657.0,832794.0,2781.0,12698.0,351001.0,1935709.0,663794.0,1438227.0,,65984.0,3658615.0,935065.0,177527.0,552464.0,2878169.0,732813.0,844582.0,1757794.0,460699.0,536058.0,210938.0,805688.0,54430.0,3125285.0,3958406.0,2430162.0,68739960.0
1996.0,2704831.0,856016.0,1024705.0,279454.0,338603.0,200125.0,1269600.0,447527.0,678012.0,557217.0,490715.0,62614.0,476957.0,3455878.0,1189215.0,341385.0,35127.0,890167.0,6448.0,304374.0,1720805.0,4537703.0,2733439.0,86635.0,309283.0,9265667.0,223485.0,1553344.0,1231557.0,1538105.0,23445.0,1095046.0,,274034.0,502749.0,2781.0,12727.0,351632.0,1896829.0,617360.0,1338961.0,,27910.0,3348723.0,829495.0,164465.0,426938.0,2923755.0,671643.0,838060.0,1571019.0,436081.0,475942.0,246588.0,781171.0,31467.0,3012171.0,4046207.0,2498001.0,67254200.0
1997.0,2760306.0,858525.0,970696.0,305882.0,392069.0,209863.0,1174824.0,432697.0,625680.0,540797.0,488757.0,70716.0,451548.0,3527837.0,1188212.0,354278.0,47224.0,989532.0,6949.0,347046.0,1708856.0,4791668.0,2658762.0,90760.0,309855.0,9965075.0,231980.0,1673561.0,1832087.0,1509596.0,21381.0,1226273.0,18802.0,306164.0,484718.0,2781.0,9173.0,391816.0,1997658.0,627720.0,1315773.0,,27203.0,3846709.0,823266.0,171971.0,382488.0,2965354.0,739410.0,1008931.0,1587790.0,393265.0,592537.0,223418.0,832033.0,31833.0,2889513.0,3669970.0,2445534.0,69549120.0
1998.0,2594497.0,837161.0,1021049.0,338442.0,403239.0,193451.0,1166331.0,436524.0,656026.0,522076.0,574270.0,93725.0,471865.0,3467107.0,1177746.0,372519.0,60136.0,1118215.0,8266.0,403512.0,1830944.0,4239682.0,2757060.0,80363.0,279768.0,9989395.0,227924.0,1476842.0,1352373.0,1495993.0,23932.0,1410312.0,45470.0,263948.0,540212.0,5550.0,11335.0,318049.0,2113992.0,604556.0,1353793.0,,32753.0,3577007.0,816506.0,94639.0,383188.0,3035422.0,716160.0,861303.0,1473100.0,448286.0,556849.0,231958.0,849974.0,27859.0,3120830.0,3657132.0,2370048.0,68590672.0
1999.0,2602227.0,869980.0,950453.0,327649.0,442585.0,200142.0,1081521.0,446160.0,680153.0,514418.0,607057.0,82223.0,417992.0,3324284.0,1227583.0,386867.0,74186.0,1073982.0,8166.0,442607.0,1684604.0,4575124.0,2680025.0,90119.0,286745.0,10283598.0,219591.0,1963187.0,1502855.0,1384469.0,23493.0,1316340.0,51399.0,290673.0,559534.0,6309.0,6190.0,353756.0,1710983.0,635736.0,1291397.0,,21488.0,3364266.0,666978.0,164854.0,369726.0,3186323.0,749014.0,873229.0,1339286.0,431311.0,425345.0,228898.0,761717.0,29252.0,3131381.0,3493607.0,2449664.0,68362704.0
2000.0,2469238.0,786429.0,1105824.0,262320.0,393151.0,191506.0,1099275.0,401558.0,612656.0,469303.0,482571.0,95619.0,426883.0,3324918.0,1179094.0,363983.0,83704.0,995390.0,11278.0,384684.0,1728693.0,4460228.0,2590624.0,81045.0,260789.0,10175812.0,198762.0,1620083.0,1514636.0,1338156.0,21096.0,1233935.0,71389.0,254790.0,528987.0,2646.0,6493.0,374911.0,1749268.0,452287.0,1344833.0,,25704.0,3327722.0,605192.0,162110.0,383253.0,3185392.0,765195.0,838947.0,1419579.0,431813.0,703992.0,227371.0,668507.0,28331.0,2838233.0,3400903.0,2432348.0,66593440.0
2001.0,2516551.0,754026.0,955469.0,328927.0,489343.0,181018.0,1068619.0,368592.0,527760.0,455621.0,520428.0,119738.0,457373.0,3123353.0,1014636.0,360191.0,79186.0,1049851.0,4505.0,380114.0,1680614.0,4104809.0,2535108.0,81712.0,277523.0,9197697.0,222307.0,1410974.0,1343286.0,1296786.0,19431.0,1280917.0,67038.0,262353.0,541787.0,4217.0,4397.0,376695.0,1883580.0,513409.0,1301103.0,,27739.0,3416069.0,583904.0,178243.0,388352.0,3139685.0,725874.0,870327.0,1498561.0,446609.0,677401.0,243374.0,650357.0,28643.0,2758526.0,3368731.0,2217779.0,64381224.0
2002.0,2558572.0,769672.0,908898.0,327747.0,513397.0,173687.0,886436.0,367078.0,525646.0,476259.0,613935.0,101620.0,456620.0,3217935.0,897596.0,311335.0,79582.0,968909.0,6648.0,408143.0,1905689.0,4001974.0,2612629.0,85777.0,234776.0,9316420.0,202911.0,1521080.0,1110998.0,1440227.0,19463.0,1178376.0,59025.0,251799.0,545420.0,4046.0,4325.0,388149.0,1891307.0,406385.0,1310390.0,1938.0,20691.0,3691310.0,571586.0,162266.0,404789.0,2988475.0,615045.0,920292.0,1389244.0,471551.0,693494.0,238227.0,810298.0,40352.0,2973677.0,3361867.0,2592545.0,65008528.0
2003.0,2431062.0,757781.0,871034.0,312384.0,490031.0,167247.0,903760.0,386986.0,535441.0,457631.0,585919.0,107114.0,479183.0,2879591.0,890375.0,360189.0,74741.0,1040648.0,5075.0,366319.0,1664046.0,4124900.0,2355693.0,87020.0,251375.0,9366845.0,181357.0,1444668.0,1122524.0,1561311.0,17800.0,1283346.0,51589.0,243719.0,555987.0,4006.0,4505.0,404384.0,1869137.0,438590.0,1262351.0,0.0,20724.0,3225327.0,586245.0,162791.0,408126.0,3067256.0,643697.0,979297.0,1163950.0,490295.0,821681.0,234231.0,874167.0,43311.0,3019375.0,3378664.0,2458792.0,63975592.0
2004.0,2207847.0,733131.0,936030.0,357723.0,478304.0,175581.0,987253.0,371706.0,549708.0,419599.0,537716.0,126247.0,417066.0,3306175.0,764820.0,404236.0,67917.0,1181355.0,10282.0,353686.0,2033933.0,4326234.0,2360373.0,79879.0,267204.0,9167046.0,182351.0,1455477.0,1307391.0,1418735.0,17276.0,1243659.0,56787.0,244232.0,525035.0,4744.0,4906.0,379667.0,1888267.0,446811.0,1217750.0,,16912.0,3073722.0,580000.0,157397.0,392029.0,2781899.0,651464.0,1000177.0,1261000.0,474589.0,793590.0,249041.0,593877.0,57221.0,2868317.0,3280911.0,2677342.0,63923624.0
2005.0,2051484.0,781670.0,909146.0,398583.0,563728.0,180814.0,1017681.0,393381.0,550255.0,413786.0,434107.0,84301.0,447240.0,2533827.0,800113.0,403520.0,61765.0,1233837.0,9459.0,359829.0,1925101.0,4401522.0,2463442.0,77741.0,279589.0,9192477.0,170383.0,1474681.0,1661196.0,1340160.0,17398.0,1375111.0,54274.0,258297.0,594893.0,5037.0,5408.0,365535.0,1878006.0,498333.0,1173897.0,,18686.0,3142774.0,598378.0,170994.0,394144.0,2798368.0,727208.0,1004843.0,1094912.0,493198.0,803040.0,234577.0,612478.0,56224.0,2835651.0,3304144.0,2586665.0,63717292.0
2006.0,2083588.0,833049.0,840118.0,298717.0,608836.0,160450.0,890676.0,392537.0,511511.0,407367.0,375256.0,134045.0,388972.0,2468816.0,744440.0,415935.0,64122.0,954022.0,9982.0,413382.0,1964399.0,4279439.0,2406476.0,78524.0,258660.0,9289215.0,174157.0,1426068.0,1612246.0,1273456.0,17070.0,1256421.0,68630.0,251630.0,552766.0,3005.0,5320.0,388741.0,597934.0,557248.0,1113601.0,1239.0,19167.0,2749197.0,581681.0,158824.0,383780.0,2743676.0,619983.0,954507.0,1076150.0,435359.0,677289.0,231875.0,591049.0,50336.0,2870295.0,3242644.0,2567350.0,60525224.0
2007.0,2202228.0,860181.0,886654.0,364856.0,517442.0,219576.0,1012563.0,417560.0,554907.0,409560.0,360806.0,115524.0,468958.0,2486656.0,704122.0,458308.0,60895.0,1074764.0,10942.0,438211.0,2083329.0,4413668.0,2588574.0,81364.0,285121.0,9372253.0,165110.0,1322817.0,1467779.0,1300152.0,15973.0,1298979.0,82634.0,284604.0,580129.0,847.0,5549.0,395057.0,487305.0,541102.0,1047685.0,6774.0,19534.0,2988686.0,563590.0,161019.0,385171.0,2895383.0,658477.0,979537.0,1107227.0,456588.0,571382.0,220650.0,603158.0,61085.0,3151343.0,3503428.0,2657281.0,62435060.0
2008.0,2075857.0,928795.0,845734.0,362512.0,686062.0,160185.0,1043321.0,436715.0,604811.0,400381.0,332177.0,104913.0,415686.0,2828233.0,871938.0,432309.0,63947.0,822118.0,11397.0,418911.0,1808027.0,4425314.0,2485987.0,69235.0,273903.0,9044010.0,163709.0,1185068.0,1270538.0,1238147.0,14038.0,1392446.0,7970.0,272190.0,574870.0,1565.0,6802.0,377361.0,446174.0,551446.0,1163227.0,3683.0,18725.0,3081451.0,543714.0,166988.0,396899.0,2757390.0,699137.0,930011.0,1075878.0,516804.0,469034.0,221585.0,573433.0,65693.0,3066580.0,3431514.0,2690154.0,61326704.0
2009.0,2227698.0,996312.0,933918.0,363905.0,437745.0,171451.0,1216377.0,436241.0,617208.0,432639.0,348745.0,122970.0,446516.0,2589288.0,828574.0,358041.0,52011.0,900882.0,9975.0,438361.0,2031348.0,4348068.0,2580081.0,84974.0,289955.0,9491437.0,198882.0,1109104.0,1233105.0,1284707.0,14653.0,1304471.0,43035.0,218358.0,609296.0,1879.0,9711.0,365639.0,503856.0,550377.0,1151654.0,3242.0,26972.0,3276459.0,631613.0,171112.0,444426.0,2822325.0,665234.0,965170.0,1120981.0,586928.0,415847.0,222429.0,587868.0,59966.0,3295187.0,3737472.0,2735402.0,63122080.0
2010.0,2504208.0,1014405.0,977778.0,372330.0,467612.0,176344.0,1285492.0,435908.0,662661.0,428524.0,277515.0,121208.0,448319.0,2492670.0,984775.0,378855.0,53890.0,915538.0,10840.0,444530.0,2200048.0,4388386.0,2669374.0,88870.0,283284.0,9463538.0,192210.0,1105606.0,1304667.0,1311807.0,15793.0,1434976.0,55172.0,297596.0,598205.0,3164.0,9931.0,384570.0,497225.0,559712.0,1191754.0,3006.0,24659.0,2844563.0,664725.0,246575.0,418820.0,2955821.0,717614.0,1002979.0,1253386.0,623748.0,493477.0,253891.0,577141.0,73170.0,3640185.0,3901408.0,2665972.0,64870428.0
2011.0,2374645.0,1040758.0,870741.0,361862.0,476077.0,168336.0,1296000.0,473773.0,668834.0,365000.0,242756.0,120166.0,423551.0,2161185.0,946867.0,406582.0,75171.0,934351.0,11623.0,431986.0,1853564.0,4298178.0,2587437.0,91451.0,280058.0,9008830.0,152546.0,956989.0,1352123.0,1396354.0,15892.0,1396237.0,48939.0,346852.0,566810.0,11485.0,5158.0,351269.0,483319.0,572329.0,1038229.0,8716.0,19208.0,2966502.0,614054.0,393219.0,380167.0,3176941.0,610045.0,1006583.0,1209883.0,563407.0,442414.0,177184.0,538394.0,65225.0,3394326.0,3951393.0,2825505.0,63007480.0
2012.0,2431052.0,1070577.0,883406.0,292055.0,495613.0,192570.0,1385352.0,452952.0,673345.0,381058.0,249594.0,109685.0,447251.0,2299722.0,984568.0,388433.0,60550.0,1141906.0,10899.0,454337.0,2162035.0,4421352.0,2705256.0,94850.0,254674.0,9685829.0,159360.0,1094668.0,1483928.0,1302505.0,16663.0,1396117.0,39818.0,281279.0,591033.0,29550.0,11639.0,407653.0,508054.0,488860.0,1049178.0,10440.0,26935.0,2824908.0,664857.0,224476.0,352517.0,3229617.0,634286.0,1106584.0,1210200.0,640555.0,483341.0,214841.0,529083.0,87158.0,3447729.0,3853404.0,2973607.0,65103764.0
2013.0,2254922.0,1082866.0,892372.0,316953.0,486848.0,175852.0,1311875.0,462242.0,663670.0,388566.0,212029.0,120340.0,523027.0,2103010.0,951972.0,530922.0,58401.0,1047116.0,11012.0,500590.0,2190374.0,4564840.0,2688794.0,92893.0,242841.0,9354695.0,145670.0,785300.0,1583209.0,1325719.0,16274.0,1383340.0,28966.0,283502.0,567544.0,16875.0,13000.0,427409.0,494541.0,460237.0,1148552.0,17919.0,21623.0,3085340.0,644648.0,237677.0,393364.0,2991141.0,678261.0,909274.0,1136505.0,545090.0,438601.0,233390.0,516142.0,69984.0,3188030.0,3691191.0,2807387.0,63514732.0
2014.0,2563129.0,1284767.0,868094.0,314102.0,525745.0,183045.0,1435741.0,542431.0,786514.0,397309.0,342161.0,120122.0,535508.0,2189849.0,1101312.0,531315.0,64865.0,1110901.0,12669.0,500727.0,2338528.0,4756771.0,2791392.0,107526.0,271774.0,10099276.0,166868.0,1142040.0,1693005.0,1424484.0,14560.0,1589904.0,30896.0,270666.0,502268.0,0.0,16100.0,432977.0,522628.0,501563.0,1264259.0,13953.0,23865.0,3243872.0,836799.0,196635.0,429166.0,3434751.0,673572.0,1039137.0,1255321.0,559580.0,426930.0,239160.0,547022.0,74722.0,3513484.0,3882642.0,3189696.0,68928096.0
2015.0,2811184.0,1399247.0,989354.0,381747.0,508164.0,209166.0,1745804.0,634607.0,941029.0,445720.0,324816.0,87513.0,614712.0,2284612.0,1154843.0,560757.0,70862.0,1077427.0,10745.0,551353.0,2366056.0,5520736.0,3149921.0,116123.0,299513.0,10712674.0,169535.0,1216772.0,1832660.0,1418162.0,18684.0,2025756.0,37818.0,296697.0,468106.0,0.0,17818.0,468092.0,566895.0,547325.0,1237231.0,13892.0,20677.0,3263761.0,793225.0,206533.0,527143.0,4155916.0,753446.0,1097464.0,1321873.0,580033.0,438372.0,238313.0,612198.0,80366.0,4097710.0,4150217.0,3648846.0,75290224.0
2016.0,3303393.0,1585718.0,996263.0,388290.0,514709.0,238018.0,2365110.0,776218.0,1064904.0,466773.0,364807.0,143843.0,756344.0,2423390.0,1296283.0,587412.0,73661.0,930907.0,10047.0,520171.0,2946681.0,5969811.0,3270076.0,144846.0,388308.0,11312786.0,181839.0,1263558.0,1887580.0,1544300.0,24966.0,2505286.0,37818.0,346534.0,607479.0,15500.0,21102.0,536068.0,586514.0,583527.0,1356913.0,28892.0,28646.0,3390221.0,643274.0,215555.0,536297.0,4517585.0,820426.0,1254688.0,1437341.0,753880.0,411343.0,241912.0,617377.0,79047.0,4257177.0,5028868.0,4295127.0,82895416.0
2017.0,3509271.0,1539028.0,1054325.0,440276.0,446961.0,307143.0,2571684.0,742271.0,1150165.0,520026.0,383687.0,159595.0,711749.0,2226879.0,1294827.0,642809.0,54281.0,1018557.0,11177.0,547057.0,3305512.0,6254238.0,3317000.0,168028.0,486935.0,11338893.0,225257.0,1112390.0,2016702.0,1561616.0,28196.0,2853619.0,37818.0,303598.0,692932.0,15500.0,22755.0,507256.0,587853.0,613788.0,1415867.0,69468.0,30326.0,3401996.0,627757.0,233334.0,445000.0,4437215.0,964760.0,1291256.0,1458874.0,708003.0,304408.0,237250.0,619924.0,68292.0,4116524.0,4336890.0,4504812.0,84053600.0
